variable,n,moran_i,expected_i,p_sim,islands
lst,2542,0.701191,-0.000393546,0.001,0
ndvi,2542,0.675582,-0.000393546,0.001,0
residential_density,2541,0.651137,-0.000393701,0.001,0
dist_health,2541,0.574207,-0.000393701,0.001,0
dist_kindergartens,2541,0.441894,-0.000393701,0.001,0
dist_parks,2541,0.519647,-0.000393701,0.001,0
dist_playgrounds,2541,0.527554,-0.000393701,0.001,0
dist_public_transport_stops,2541,0.282587,-0.000393701,0.001,0
dist_schools,2541,0.485703,-0.000393701,0.001,0
dist_supermarkets,2541,0.49297,-0.000393701,0.001,0
access_index,2541,0.64238,-0.000393701,0.001,0
linke,2542,0.884205,-0.000393546,0.001,0
cdu,2542,0.851842,-0.000393546,0.001,0
afd,2542,0.890213,-0.000393546,0.001,0
gruene,2542,0.843647,-0.000393546,0.001,0
spd,2542,0.773442,-0.000393546,0.001,0
bsw,2542,0.660693,-0.000393546,0.001,0
turnout,2542,0.63889,-0.000393546,0.001,0
contrast,2542,0.917914,-0.000393546,0.001,0
