indicator,outcome,variant,tier1_rho,n,rho,ci_low,ci_high,p,same_sign,rho_change
lst,linke,method A,0.352499,2541,0.353981,0.318408,0.388558,7.36454e-76,True,0.00148233
lst,linke,method B,0.352499,2541,0.353524,0.317941,0.388112,1.17881e-75,True,0.0010252
lst,linke,method S,0.352499,2541,0.381569,0.346614,0.415465,7.91594e-89,True,0.0290704
lst,linke,without mismatch districts,0.352499,2527,0.350281,0.31453,0.38504,8.13197e-74,True,0.00221766
lst,linke,raw (no density control),0.352499,2542,0.561337,0.532003,0.589326,4.97442e-211,True,0.208839
lst,gruene,method A,0.285262,2541,0.285022,0.248154,0.321065,1.11627e-48,True,0.000239533
lst,gruene,method B,0.285262,2541,0.285198,0.248333,0.321238,9.71575e-49,True,6.40416e-05
lst,gruene,method S,0.285262,2541,0.252955,0.215601,0.289571,2.24509e-38,True,0.0323063
lst,gruene,without mismatch districts,0.285262,2527,0.282869,0.245863,0.319052,1.09281e-47,True,0.00239211
lst,gruene,raw (no density control),0.285262,2542,0.384068,0.349186,0.417887,3.89679e-90,True,0.0988063
lst,cdu,method A,-0.190898,2541,-0.192106,-0.229624,-0.154018,1.54174e-22,True,0.00120861
lst,cdu,method B,-0.190898,2541,-0.192466,-0.22998,-0.154382,1.28222e-22,True,0.00156871
lst,cdu,method S,-0.190898,2541,-0.153336,-0.191309,-0.114905,7.84309e-15,True,0.0375613
lst,cdu,without mismatch districts,-0.190898,2527,-0.190537,-0.228178,-0.152327,4.45243e-22,True,0.000360639
lst,cdu,raw (no density control),-0.190898,2542,-0.451133,-0.483046,-0.418023,1.08616e-127,True,0.260235
lst,afd,method A,-0.310165,2541,-0.310368,-0.345911,-0.273936,7.649e-58,True,0.000203726
lst,afd,method B,-0.310165,2541,-0.309973,-0.345524,-0.273534,1.08042e-57,True,0.000191325
lst,afd,method S,-0.310165,2541,-0.309804,-0.345358,-0.273361,1.253e-57,True,0.000361031
lst,afd,without mismatch districts,-0.310165,2527,-0.306362,-0.342084,-0.269756,4.95124e-56,True,0.00380227
lst,afd,raw (no density control),-0.310165,2542,-0.431493,-0.464001,-0.397826,8.51776e-116,True,0.121329
lst,contrast,method A,0.421245,2541,0.421996,0.388057,0.454793,3.10171e-110,True,0.000750987
lst,contrast,method B,0.421245,2541,0.421439,0.387484,0.454251,6.42103e-110,True,0.000193081
lst,contrast,method S,0.421245,2541,0.416903,0.382829,0.449845,2.26149e-107,True,0.00434223
lst,contrast,without mismatch districts,0.421245,2527,0.417766,0.383618,0.450772,2.86707e-107,True,0.00347988
lst,contrast,raw (no density control),0.421245,2542,0.596014,0.568113,0.622546,2.32265e-244,True,0.174768
lst,contrast,contrast with SPD,0.421245,2541,0.422038,0.3881,0.454833,2.93861e-110,True,0.000792363
ndvi,linke,method A,-0.313988,2541,-0.315991,-0.351417,-0.279662,5.2948e-60,True,0.00200267
ndvi,linke,method B,-0.313988,2541,-0.315336,-0.350776,-0.278995,9.50011e-60,True,0.00134802
ndvi,linke,method S,-0.313988,2541,-0.348934,-0.383629,-0.313254,1.2711e-73,True,0.0349453
ndvi,linke,without mismatch districts,-0.313988,2527,-0.310511,-0.346148,-0.273979,1.37682e-57,True,0.0034775
ndvi,linke,raw (no density control),-0.313988,2542,-0.59593,-0.622466,-0.568025,2.82623e-244,True,0.281942
ndvi,gruene,method A,-0.359917,2541,-0.358876,-0.393336,-0.323409,4.55189e-78,True,0.00104084
ndvi,gruene,method B,-0.359917,2541,-0.35912,-0.393574,-0.323658,3.52542e-78,True,0.000797166
ndvi,gruene,method S,-0.359917,2541,-0.335644,-0.370644,-0.299693,6.31686e-68,True,0.0242725
ndvi,gruene,without mismatch districts,-0.359917,2527,-0.360575,-0.395088,-0.325045,2.02845e-78,True,0.000657737
ndvi,gruene,raw (no density control),-0.359917,2542,-0.452778,-0.48464,-0.419716,1.00852e-128,True,0.0928612
ndvi,cdu,method A,0.139191,2541,0.141572,0.103055,0.179665,7.63104e-13,True,0.00238061
ndvi,cdu,method B,0.139191,2541,0.141671,0.103155,0.179763,7.3532e-13,True,0.00247988
ndvi,cdu,method S,0.139191,2541,0.0958647,0.0570962,0.134345,1.29707e-06,True,0.0433268
ndvi,cdu,without mismatch districts,0.139191,2527,0.13612,0.0974593,0.174371,6.42416e-12,True,0.00307145
ndvi,cdu,raw (no density control),0.139191,2542,0.484557,0.452473,0.515388,8.15223e-150,True,0.345365
ndvi,afd,method A,0.364965,2541,0.363795,0.328436,0.398137,2.50478e-80,True,0.00116932
ndvi,afd,method B,0.364965,2541,0.363657,0.328294,0.398001,2.90382e-80,True,0.00130791
ndvi,afd,method S,0.364965,2541,0.366999,0.33171,0.401261,8.05652e-82,True,0.00203375
ndvi,afd,without mismatch districts,0.364965,2527,0.362974,0.327497,0.397429,1.61927e-79,True,0.00199036
ndvi,afd,raw (no density control),0.364965,2542,0.490956,0.45908,0.52157,2.43921e-154,True,0.125992
ndvi,contrast,method A,-0.433855,2541,-0.433922,-0.46637,-0.400308,3.91376e-117,True,6.62074e-05
ndvi,contrast,method B,-0.433855,2541,-0.433389,-0.465853,-0.39976,8.06301e-117,True,0.000466102
ndvi,contrast,method S,-0.433855,2541,-0.432941,-0.465418,-0.399299,1.48129e-116,True,0.000914771
ndvi,contrast,without mismatch districts,-0.433855,2527,-0.431051,-0.463672,-0.397263,8.03278e-115,True,0.00280444
ndvi,contrast,raw (no density control),-0.433855,2542,-0.64953,-0.673592,-0.624094,1.3813e-304,True,0.215675
ndvi,contrast,contrast with SPD,-0.433855,2541,-0.426215,-0.458889,-0.392389,1.21039e-112,True,0.00764077
access_index,linke,method A,-0.197216,2541,-0.197241,-0.234692,-0.159206,1.07515e-23,True,2.51403e-05
access_index,linke,method B,-0.197216,2541,-0.197566,-0.235013,-0.159534,9.06064e-24,True,0.000350256
access_index,linke,method S,-0.197216,2541,-0.178303,-0.215994,-0.140082,1.37289e-19,True,0.0189129
access_index,linke,without mismatch districts,-0.197216,2527,-0.200211,-0.237725,-0.162101,2.97432e-24,True,0.00299493
access_index,linke,raw (no density control),-0.197216,2541,-0.579419,-0.606667,-0.55081,8.052e-228,True,0.382203
access_index,gruene,method A,0.103871,2541,0.103278,0.0645416,0.141703,1.82401e-07,True,0.00059273
access_index,gruene,method B,0.103871,2541,0.103435,0.0646994,0.141859,1.74712e-07,True,0.00043567
access_index,gruene,method S,0.103871,2541,0.115431,0.0767549,0.153761,5.40511e-09,True,0.0115605
access_index,gruene,without mismatch districts,0.103871,2527,0.0990136,0.0601507,0.137577,6.15945e-07,True,0.00485702
access_index,gruene,raw (no density control),0.103871,2541,-0.142482,-0.180558,-0.103979,5.37026e-13,False,0.246353
access_index,cdu,method A,0.235165,2541,0.234137,0.196529,0.271057,5.69025e-33,True,0.00102772
access_index,cdu,method B,0.235165,2541,0.234509,0.196906,0.271423,4.49547e-33,True,0.00065567
access_index,cdu,method S,0.235165,2541,0.222727,0.184978,0.25982,6.42153e-30,True,0.0124376
access_index,cdu,without mismatch districts,0.235165,2527,0.234723,0.197017,0.271734,5.85377e-33,True,0.00044221
access_index,cdu,raw (no density control),0.235165,2541,0.589411,0.561221,0.616234,1.31525e-237,True,0.354246
access_index,afd,method A,-0.0742631,2541,-0.0731113,-0.111738,-0.0342643,0.000226185,True,0.00115174
access_index,afd,method B,-0.0742631,2541,-0.0733225,-0.111948,-0.034476,0.000216878,True,0.000940545
access_index,afd,method S,-0.0742631,2541,-0.0682549,-0.106909,-0.029395,0.000576875,True,0.00600819
access_index,afd,without mismatch districts,-0.0742631,2527,-0.068543,-0.107302,-0.029576,0.000566271,True,0.00572008
access_index,afd,raw (no density control),-0.0742631,2541,0.210301,0.172414,0.247567,8.58505e-27,False,0.284564
access_index,contrast,method A,-0.0740165,2541,-0.0743827,-0.113002,-0.0355392,0.000175344,True,0.000366205
access_index,contrast,method B,-0.0740165,2541,-0.0742373,-0.112857,-0.0353934,0.00018056,True,0.000220832
access_index,contrast,method S,-0.0740165,2541,-0.0505446,-0.0892865,-0.01165,0.0108423,True,0.0234719
access_index,contrast,without mismatch districts,-0.0740165,2527,-0.0796681,-0.118362,-0.0407326,6.11177e-05,True,0.00565159
access_index,contrast,raw (no density control),-0.0740165,2541,-0.481379,-0.512323,-0.449187,1.51114e-147,True,0.407363
access_index,contrast,contrast with SPD,-0.0740165,2541,-0.0550211,-0.0937425,-0.0161335,0.00554206,True,0.0189954
lst,turnout,method A,0.0443627,2541,0.0436459,0.00474273,0.0824172,0.0278317,True,0.000716731
lst,turnout,method B,0.0443627,2541,0.0419871,0.00308224,0.080765,0.034347,True,0.00237558
lst,turnout,without mismatch districts,0.0443627,2527,0.0450172,0.00600763,0.08389,0.0236627,True,0.000654555
lst,turnout,raw (no density control),0.0443627,2542,-0.0608963,-0.0995738,-0.0220351,0.00212895,False,0.105259
